<application>
  <component name="DefaultFont">
    <option name="FONT_SIZE" value="16" />
  </component>
  <component name="EditorSettings">
    <option name="USE_SOFT_WRAPS" value="MAIN_EDITOR:CONSOLE" />
    <option name="SOFT_WRAP_FILE_MASKS" value="*" />
    <option name="IS_WHITESPACES_SHOWN" value="true" />
    <option name="IS_LEADING_WHITESPACES_SHOWN" value="false" />
    <option name="IS_TRAILING_WHITESPACES_SHOWN" value="false" />
    <option name="IS_DND_ENABLED" value="false" />
    <option name="IS_MOUSE_CLICK_SELECTION_HONORS_CAMEL_WORDS" value="false" />
  </component>
</application>