<application>
  <component name="FileTypeManager" version="17">
    <ignoreFiles list="*.hprof;*.pyc;*.pyo;*.rbc;*.yarb;*~;.DS_Store;.hg;.svn;CVS;__pycache__;_svn;vssver.scc;vssver2.scc;" />
    <extensionMap>
      <mapping pattern="*.js.flow" type="Flow" />
      <mapping pattern="*.js.flow" type="Flow" />
      <mapping pattern=".gitkeep" type="PLAIN_TEXT" />
      <mapping pattern="test" type="PLAIN_TEXT" />
      <mapping pattern="index" type="PLAIN_TEXT" />
      <mapping pattern="1da47acbf06161a3c41ed585ee313e582e8faa" type="PLAIN_TEXT" />
      <mapping pattern="artisan" type="PLAIN_TEXT" />
      <mapping ext="j2" type="PLAIN_TEXT" />
      <mapping ext="json11" type="PLAIN_TEXT" />
      <mapping ext="pid" type="PLAIN_TEXT" />
      <removed_mapping ext="cmd" approved="true" type="PLAIN_TEXT" />
      <removed_mapping ext="log" approved="true" type="PLAIN_TEXT" />
      <removed_mapping ext="bat" approved="true" type="PLAIN_TEXT" />
      <mapping ext="volt" type="Twig" />
      <removed_mapping ext="bat" approved="true" type="PLAIN_TEXT" />
      <removed_mapping ext="log" approved="true" type="PLAIN_TEXT" />
      <removed_mapping ext="dockerfile" approved="true" type="textmate" />
      <removed_mapping ext="makefile" approved="true" type="textmate" />
      <removed_mapping ext="cmd" approved="true" type="PLAIN_TEXT" />
      <removed_mapping ext="snakefile" approved="true" type="textmate" />
      <mapping pattern=".gitignore_global" type="Git file" />
    </extensionMap>
  </component>
</application>