<application>
  <component name="MessDetector">
    <phpmd_settings_migrated />
  </component>
  <component name="PhpAutoImport" auto_import_file_scope="true" />
  <component name="PhpCodeSniffer">
    <phpcs_settings_migrated />
  </component>
  <component name="PhpInterpreters">
    <interpreters>
      <interpreter home="/Applications/MAMP/bin/php/php7.1.1/bin/php" id="ae7d0ee9-db83-40e7-b9b7-3adb3e2d7bb0" name="PHP_zzy" debugger_id="php.debugger.XDebug" />
      <interpreter home="/Applications/MAMP/bin/php/php5.6.32/bin/php" id="4cfb794d-e237-4fa8-90a4-9c65b2a8f37c" name="PHP5.6" debugger_id="php.debugger.XDebug" />
      <interpreter home="/Applications/MAMP/bin/php/php7.1.12/bin/php" id="f8a77e6c-9626-4293-bc0e-7b8cd59a427f" name="PHP7112" debugger_id="php.debugger.XDebug" />
      <interpreter home="/usr/local/bin/php" id="897dda85-8487-4fbb-b764-94ad8fb34e76" name="PHP 7.2.1" debugger_id="php.debugger.XDebug" debugger_extension="$USER_HOME$/src/xdebug-2.6.0/xdebug-2.6.0/modules/xdebug.so" />
    </interpreters>
  </component>
  <component name="PhpInterpretersPhpInfoCache">
    <phpInfoCache>
      <interpreter name="PHP_zzy">
        <phpinfo binary_type="PHP" php_cgi="/Applications/MAMP/bin/php/php7.1.1/bin/php-cgi" php_cli="/Applications/MAMP/bin/php/php7.1.1/bin/php" path_separator=":" version="7.1.1">
          <additional_php_ini />
          <configuration_file>/Applications/MAMP/bin/php/php7.1.1/conf/php.ini</configuration_file>
          <configuration_options>
            <configuration_option name="SMTP" value="localhost" />
            <configuration_option name="allow_url_fopen" value="1" />
            <configuration_option name="allow_url_include" value="0" />
            <configuration_option name="arg_separator.input" value="&amp;" />
            <configuration_option name="arg_separator.output" value="&amp;" />
            <configuration_option name="assert.active" value="1" />
            <configuration_option name="assert.bail" value="0" />
            <configuration_option name="assert.callback" value="" />
            <configuration_option name="assert.exception" value="0" />
            <configuration_option name="assert.quiet_eval" value="0" />
            <configuration_option name="assert.warning" value="1" />
            <configuration_option name="auto_append_file" value="" />
            <configuration_option name="auto_detect_line_endings" value="0" />
            <configuration_option name="auto_globals_jit" value="1" />
            <configuration_option name="auto_prepend_file" value="" />
            <configuration_option name="bcmath.scale" value="0" />
            <configuration_option name="browscap" value="" />
            <configuration_option name="cli.pager" value="" />
            <configuration_option name="cli.prompt" value="\b \&gt; " />
            <configuration_option name="curl.cainfo" value="" />
            <configuration_option name="date.default_latitude" value="31.7667" />
            <configuration_option name="date.default_longitude" value="35.2333" />
            <configuration_option name="date.sunrise_zenith" value="90.583333" />
            <configuration_option name="date.sunset_zenith" value="90.583333" />
            <configuration_option name="date.timezone" value="Europe/Berlin" />
            <configuration_option name="default_charset" value="UTF-8" />
            <configuration_option name="default_mimetype" value="text/html" />
            <configuration_option name="default_socket_timeout" value="60" />
            <configuration_option name="disable_classes" value="" />
            <configuration_option name="disable_functions" value="" />
            <configuration_option name="display_errors" value="" />
            <configuration_option name="display_startup_errors" value="" />
            <configuration_option name="doc_root" value="" />
            <configuration_option name="docref_ext" value="" />
            <configuration_option name="docref_root" value="" />
            <configuration_option name="enable_dl" value="1" />
            <configuration_option name="enable_post_data_reading" value="1" />
            <configuration_option name="error_append_string" value="" />
            <configuration_option name="error_log" value="/Applications/MAMP/logs/php_error.log" />
            <configuration_option name="error_prepend_string" value="" />
            <configuration_option name="error_reporting" value="32767" />
            <configuration_option name="exif.decode_jis_intel" value="JIS" />
            <configuration_option name="exif.decode_jis_motorola" value="JIS" />
            <configuration_option name="exif.decode_unicode_intel" value="UCS-2LE" />
            <configuration_option name="exif.decode_unicode_motorola" value="UCS-2BE" />
            <configuration_option name="exif.encode_jis" value="" />
            <configuration_option name="exif.encode_unicode" value="ISO-8859-15" />
            <configuration_option name="expose_php" value="1" />
            <configuration_option name="extension_dir" value="/Applications/MAMP/bin/php/php7.1.1/lib/php/extensions/no-debug-non-zts-20160303/" />
            <configuration_option name="file_uploads" value="1" />
            <configuration_option name="filter.default" value="unsafe_raw" />
            <configuration_option name="filter.default_flags" value="" />
            <configuration_option name="from" value="" />
            <configuration_option name="gd.jpeg_ignore_warning" value="1" />
            <configuration_option name="hard_timeout" value="2" />
            <configuration_option name="highlight.comment" value="#FF8000" />
            <configuration_option name="highlight.default" value="#0000BB" />
            <configuration_option name="highlight.html" value="#000000" />
            <configuration_option name="highlight.keyword" value="#007700" />
            <configuration_option name="highlight.string" value="#DD0000" />
            <configuration_option name="html_errors" value="0" />
            <configuration_option name="iconv.input_encoding" value="" />
            <configuration_option name="iconv.internal_encoding" value="" />
            <configuration_option name="iconv.output_encoding" value="" />
            <configuration_option name="ignore_repeated_errors" value="" />
            <configuration_option name="ignore_repeated_source" value="" />
            <configuration_option name="ignore_user_abort" value="0" />
            <configuration_option name="implicit_flush" value="1" />
            <configuration_option name="include_path" value=".:/Applications/MAMP/bin/php/php7.1.1/lib/php" />
            <configuration_option name="input_encoding" value="" />
            <configuration_option name="internal_encoding" value="" />
            <configuration_option name="intl.default_locale" value="" />
            <configuration_option name="intl.error_level" value="0" />
            <configuration_option name="intl.use_exceptions" value="0" />
            <configuration_option name="ldap.max_links" value="-1" />
            <configuration_option name="log_errors" value="1" />
            <configuration_option name="log_errors_max_len" value="1024" />
            <configuration_option name="mail.add_x_header" value="0" />
            <configuration_option name="mail.force_extra_parameters" value="" />
            <configuration_option name="mail.log" value="" />
            <configuration_option name="max_execution_time" value="0" />
            <configuration_option name="max_file_uploads" value="20" />
            <configuration_option name="max_input_nesting_level" value="64" />
            <configuration_option name="max_input_time" value="-1" />
            <configuration_option name="max_input_vars" value="1000" />
            <configuration_option name="mbstring.detect_order" value="" />
            <configuration_option name="mbstring.encoding_translation" value="0" />
            <configuration_option name="mbstring.func_overload" value="0" />
            <configuration_option name="mbstring.http_input" value="" />
            <configuration_option name="mbstring.http_output" value="" />
            <configuration_option name="mbstring.http_output_conv_mimetypes" value="^(text/|application/xhtml\+xml)" />
            <configuration_option name="mbstring.internal_encoding" value="" />
            <configuration_option name="mbstring.language" value="neutral" />
            <configuration_option name="mbstring.strict_detection" value="0" />
            <configuration_option name="mbstring.substitute_character" value="" />
            <configuration_option name="mcrypt.algorithms_dir" value="" />
            <configuration_option name="mcrypt.modes_dir" value="" />
            <configuration_option name="memory_limit" value="128M" />
            <configuration_option name="mysqli.allow_local_infile" value="1" />
            <configuration_option name="mysqli.allow_persistent" value="1" />
            <configuration_option name="mysqli.default_host" value="" />
            <configuration_option name="mysqli.default_port" value="3306" />
            <configuration_option name="mysqli.default_pw" value="" />
            <configuration_option name="mysqli.default_socket" value="/Applications/MAMP/tmp/mysql/mysql.sock" />
            <configuration_option name="mysqli.default_user" value="" />
            <configuration_option name="mysqli.max_links" value="-1" />
            <configuration_option name="mysqli.max_persistent" value="-1" />
            <configuration_option name="mysqli.reconnect" value="0" />
            <configuration_option name="mysqli.rollback_on_cached_plink" value="0" />
            <configuration_option name="mysqlnd.collect_memory_statistics" value="0" />
            <configuration_option name="mysqlnd.collect_statistics" value="1" />
            <configuration_option name="mysqlnd.debug" value="" />
            <configuration_option name="mysqlnd.fetch_data_copy" value="0" />
            <configuration_option name="mysqlnd.log_mask" value="0" />
            <configuration_option name="mysqlnd.mempool_default_size" value="16000" />
            <configuration_option name="mysqlnd.net_cmd_buffer_size" value="4096" />
            <configuration_option name="mysqlnd.net_read_buffer_size" value="32768" />
            <configuration_option name="mysqlnd.net_read_timeout" value="31536000" />
            <configuration_option name="mysqlnd.sha256_server_public_key" value="" />
            <configuration_option name="mysqlnd.trace_alloc" value="" />
            <configuration_option name="open_basedir" value="" />
            <configuration_option name="openssl.cafile" value="" />
            <configuration_option name="openssl.capath" value="" />
            <configuration_option name="output_buffering" value="0" />
            <configuration_option name="output_encoding" value="" />
            <configuration_option name="output_handler" value="" />
            <configuration_option name="pcre.backtrack_limit" value="1000000" />
            <configuration_option name="pcre.jit" value="1" />
            <configuration_option name="pcre.recursion_limit" value="100000" />
            <configuration_option name="pdo_mysql.default_socket" value="/Applications/MAMP/tmp/mysql/mysql.sock" />
            <configuration_option name="pgsql.allow_persistent" value="1" />
            <configuration_option name="pgsql.auto_reset_persistent" value="" />
            <configuration_option name="pgsql.ignore_notice" value="0" />
            <configuration_option name="pgsql.log_notice" value="0" />
            <configuration_option name="pgsql.max_links" value="-1" />
            <configuration_option name="pgsql.max_persistent" value="-1" />
            <configuration_option name="phar.cache_list" value="" />
            <configuration_option name="phar.readonly" value="1" />
            <configuration_option name="phar.require_hash" value="1" />
            <configuration_option name="post_max_size" value="32M" />
            <configuration_option name="precision" value="12" />
            <configuration_option name="realpath_cache_size" value="16K" />
            <configuration_option name="realpath_cache_ttl" value="120" />
            <configuration_option name="register_argc_argv" value="1" />
            <configuration_option name="report_memleaks" value="1" />
            <configuration_option name="report_zend_debug" value="0" />
            <configuration_option name="request_order" value="" />
            <configuration_option name="sendmail_from" value="" />
            <configuration_option name="sendmail_path" value="/usr/sbin/sendmail -t -i " />
            <configuration_option name="serialize_precision" value="100" />
            <configuration_option name="session.auto_start" value="0" />
            <configuration_option name="session.cache_expire" value="180" />
            <configuration_option name="session.cache_limiter" value="nocache" />
            <configuration_option name="session.cookie_domain" value="" />
            <configuration_option name="session.cookie_httponly" value="" />
            <configuration_option name="session.cookie_lifetime" value="0" />
            <configuration_option name="session.cookie_path" value="/" />
            <configuration_option name="session.cookie_secure" value="" />
            <configuration_option name="session.gc_divisor" value="100" />
            <configuration_option name="session.gc_maxlifetime" value="1440" />
            <configuration_option name="session.gc_probability" value="1" />
            <configuration_option name="session.lazy_write" value="1" />
            <configuration_option name="session.name" value="PHPSESSID" />
            <configuration_option name="session.referer_check" value="" />
            <configuration_option name="session.save_handler" value="files" />
            <configuration_option name="session.save_path" value="/Applications/MAMP/tmp/php" />
            <configuration_option name="session.serialize_handler" value="php" />
            <configuration_option name="session.sid_bits_per_character" value="4" />
            <configuration_option name="session.sid_length" value="32" />
            <configuration_option name="session.trans_sid_hosts" value="" />
            <configuration_option name="session.trans_sid_tags" value="a=href,area=href,frame=src,form=" />
            <configuration_option name="session.upload_progress.cleanup" value="1" />
            <configuration_option name="session.upload_progress.enabled" value="1" />
            <configuration_option name="session.upload_progress.freq" value="1%" />
            <configuration_option name="session.upload_progress.min_freq" value="1" />
            <configuration_option name="session.upload_progress.name" value="PHP_SESSION_UPLOAD_PROGRESS" />
            <configuration_option name="session.upload_progress.prefix" value="upload_progress_" />
            <configuration_option name="session.use_cookies" value="1" />
            <configuration_option name="session.use_only_cookies" value="1" />
            <configuration_option name="session.use_strict_mode" value="0" />
            <configuration_option name="session.use_trans_sid" value="0" />
            <configuration_option name="short_open_tag" value="1" />
            <configuration_option name="smtp_port" value="25" />
            <configuration_option name="soap.wsdl_cache" value="1" />
            <configuration_option name="soap.wsdl_cache_dir" value="/tmp" />
            <configuration_option name="soap.wsdl_cache_enabled" value="1" />
            <configuration_option name="soap.wsdl_cache_limit" value="5" />
            <configuration_option name="soap.wsdl_cache_ttl" value="86400" />
            <configuration_option name="sql.safe_mode" value="" />
            <configuration_option name="sqlite3.extension_dir" value="" />
            <configuration_option name="sys_temp_dir" value="" />
            <configuration_option name="track_errors" value="" />
            <configuration_option name="unserialize_callback_func" value="" />
            <configuration_option name="upload_max_filesize" value="32M" />
            <configuration_option name="upload_tmp_dir" value="/Applications/MAMP/tmp/php" />
            <configuration_option name="url_rewriter.hosts" value="" />
            <configuration_option name="url_rewriter.tags" value="a=href,area=href,frame=src,input=src,form=,fieldset=" />
            <configuration_option name="user_agent" value="" />
            <configuration_option name="user_dir" value="" />
            <configuration_option name="user_ini.cache_ttl" value="300" />
            <configuration_option name="user_ini.filename" value=".user.ini" />
            <configuration_option name="variables_order" value="EGPCS" />
            <configuration_option name="xmlrpc_error_number" value="0" />
            <configuration_option name="xmlrpc_errors" value="0" />
            <configuration_option name="zend.assertions" value="1" />
            <configuration_option name="zend.detect_unicode" value="1" />
            <configuration_option name="zend.enable_gc" value="1" />
            <configuration_option name="zend.multibyte" value="0" />
            <configuration_option name="zend.script_encoding" value="" />
            <configuration_option name="zend.signal_check" value="0" />
            <configuration_option name="zlib.output_compression" value="" />
            <configuration_option name="zlib.output_compression_level" value="-1" />
            <configuration_option name="zlib.output_handler" value="" />
          </configuration_options>
          <debuggers />
          <loaded_extensions>
            <extension name="Core" />
            <extension name="PDO" />
            <extension name="Phar" />
            <extension name="Reflection" />
            <extension name="SPL" />
            <extension name="SimpleXML" />
            <extension name="bcmath" />
            <extension name="bz2" />
            <extension name="calendar" />
            <extension name="ctype" />
            <extension name="curl" />
            <extension name="date" />
            <extension name="dom" />
            <extension name="exif" />
            <extension name="fileinfo" />
            <extension name="filter" />
            <extension name="ftp" />
            <extension name="gd" />
            <extension name="gettext" />
            <extension name="hash" />
            <extension name="iconv" />
            <extension name="imap" />
            <extension name="intl" />
            <extension name="json" />
            <extension name="ldap" />
            <extension name="libxml" />
            <extension name="mbstring" />
            <extension name="mcrypt" />
            <extension name="mysqli" />
            <extension name="mysqlnd" />
            <extension name="openssl" />
            <extension name="pcre" />
            <extension name="pdo_mysql" />
            <extension name="pdo_pgsql" />
            <extension name="pdo_sqlite" />
            <extension name="pgsql" />
            <extension name="posix" />
            <extension name="readline" />
            <extension name="session" />
            <extension name="soap" />
            <extension name="sockets" />
            <extension name="sqlite3" />
            <extension name="standard" />
            <extension name="tokenizer" />
            <extension name="wddx" />
            <extension name="xml" />
            <extension name="xmlreader" />
            <extension name="xmlwriter" />
            <extension name="xsl" />
            <extension name="zip" />
            <extension name="zlib" />
          </loaded_extensions>
        </phpinfo>
      </interpreter>
      <interpreter name="PHP7112">
        <phpinfo binary_type="PHP" php_cgi="/Applications/MAMP/bin/php/php7.1.12/bin/php-cgi" php_cli="/Applications/MAMP/bin/php/php7.1.12/bin/php" path_separator=":" version="7.1.12">
          <additional_php_ini />
          <configuration_file>/Applications/MAMP/bin/php/php7.1.12/conf/php.ini</configuration_file>
          <configuration_options>
            <configuration_option name="SMTP" value="localhost" />
            <configuration_option name="allow_url_fopen" value="1" />
            <configuration_option name="allow_url_include" value="0" />
            <configuration_option name="arg_separator.input" value="&amp;" />
            <configuration_option name="arg_separator.output" value="&amp;" />
            <configuration_option name="assert.active" value="1" />
            <configuration_option name="assert.bail" value="0" />
            <configuration_option name="assert.callback" value="" />
            <configuration_option name="assert.exception" value="0" />
            <configuration_option name="assert.quiet_eval" value="0" />
            <configuration_option name="assert.warning" value="1" />
            <configuration_option name="auto_append_file" value="" />
            <configuration_option name="auto_detect_line_endings" value="0" />
            <configuration_option name="auto_globals_jit" value="1" />
            <configuration_option name="auto_prepend_file" value="" />
            <configuration_option name="bcmath.scale" value="0" />
            <configuration_option name="browscap" value="" />
            <configuration_option name="cli.pager" value="" />
            <configuration_option name="cli.prompt" value="\b \&gt; " />
            <configuration_option name="curl.cainfo" value="" />
            <configuration_option name="date.default_latitude" value="31.7667" />
            <configuration_option name="date.default_longitude" value="35.2333" />
            <configuration_option name="date.sunrise_zenith" value="90.583333" />
            <configuration_option name="date.sunset_zenith" value="90.583333" />
            <configuration_option name="date.timezone" value="Europe/Berlin" />
            <configuration_option name="default_charset" value="UTF-8" />
            <configuration_option name="default_mimetype" value="text/html" />
            <configuration_option name="default_socket_timeout" value="60" />
            <configuration_option name="disable_classes" value="" />
            <configuration_option name="disable_functions" value="" />
            <configuration_option name="display_errors" value="" />
            <configuration_option name="display_startup_errors" value="" />
            <configuration_option name="doc_root" value="" />
            <configuration_option name="docref_ext" value="" />
            <configuration_option name="docref_root" value="" />
            <configuration_option name="enable_dl" value="1" />
            <configuration_option name="enable_post_data_reading" value="1" />
            <configuration_option name="error_append_string" value="" />
            <configuration_option name="error_log" value="/Applications/MAMP/logs/php_error.log" />
            <configuration_option name="error_prepend_string" value="" />
            <configuration_option name="error_reporting" value="32767" />
            <configuration_option name="exif.decode_jis_intel" value="JIS" />
            <configuration_option name="exif.decode_jis_motorola" value="JIS" />
            <configuration_option name="exif.decode_unicode_intel" value="UCS-2LE" />
            <configuration_option name="exif.decode_unicode_motorola" value="UCS-2BE" />
            <configuration_option name="exif.encode_jis" value="" />
            <configuration_option name="exif.encode_unicode" value="ISO-8859-15" />
            <configuration_option name="expose_php" value="1" />
            <configuration_option name="extension_dir" value="/Applications/MAMP/bin/php/php7.1.12/lib/php/extensions/no-debug-non-zts-20160303/" />
            <configuration_option name="file_uploads" value="1" />
            <configuration_option name="filter.default" value="unsafe_raw" />
            <configuration_option name="filter.default_flags" value="" />
            <configuration_option name="from" value="" />
            <configuration_option name="gd.jpeg_ignore_warning" value="1" />
            <configuration_option name="hard_timeout" value="2" />
            <configuration_option name="highlight.comment" value="#FF8000" />
            <configuration_option name="highlight.default" value="#0000BB" />
            <configuration_option name="highlight.html" value="#000000" />
            <configuration_option name="highlight.keyword" value="#007700" />
            <configuration_option name="highlight.string" value="#DD0000" />
            <configuration_option name="html_errors" value="0" />
            <configuration_option name="iconv.input_encoding" value="" />
            <configuration_option name="iconv.internal_encoding" value="" />
            <configuration_option name="iconv.output_encoding" value="" />
            <configuration_option name="ignore_repeated_errors" value="" />
            <configuration_option name="ignore_repeated_source" value="" />
            <configuration_option name="ignore_user_abort" value="0" />
            <configuration_option name="implicit_flush" value="1" />
            <configuration_option name="include_path" value=".:/Applications/MAMP/bin/php/php7.1.12/lib/php" />
            <configuration_option name="input_encoding" value="" />
            <configuration_option name="internal_encoding" value="" />
            <configuration_option name="intl.default_locale" value="" />
            <configuration_option name="intl.error_level" value="0" />
            <configuration_option name="intl.use_exceptions" value="0" />
            <configuration_option name="ldap.max_links" value="-1" />
            <configuration_option name="log_errors" value="1" />
            <configuration_option name="log_errors_max_len" value="1024" />
            <configuration_option name="mail.add_x_header" value="0" />
            <configuration_option name="mail.force_extra_parameters" value="" />
            <configuration_option name="mail.log" value="" />
            <configuration_option name="max_execution_time" value="0" />
            <configuration_option name="max_file_uploads" value="20" />
            <configuration_option name="max_input_nesting_level" value="64" />
            <configuration_option name="max_input_time" value="-1" />
            <configuration_option name="max_input_vars" value="1000" />
            <configuration_option name="mbstring.detect_order" value="" />
            <configuration_option name="mbstring.encoding_translation" value="0" />
            <configuration_option name="mbstring.func_overload" value="0" />
            <configuration_option name="mbstring.http_input" value="" />
            <configuration_option name="mbstring.http_output" value="" />
            <configuration_option name="mbstring.http_output_conv_mimetypes" value="^(text/|application/xhtml\+xml)" />
            <configuration_option name="mbstring.internal_encoding" value="" />
            <configuration_option name="mbstring.language" value="neutral" />
            <configuration_option name="mbstring.strict_detection" value="0" />
            <configuration_option name="mbstring.substitute_character" value="" />
            <configuration_option name="mcrypt.algorithms_dir" value="" />
            <configuration_option name="mcrypt.modes_dir" value="" />
            <configuration_option name="memory_limit" value="128M" />
            <configuration_option name="mysqli.allow_local_infile" value="1" />
            <configuration_option name="mysqli.allow_persistent" value="1" />
            <configuration_option name="mysqli.default_host" value="" />
            <configuration_option name="mysqli.default_port" value="3306" />
            <configuration_option name="mysqli.default_pw" value="" />
            <configuration_option name="mysqli.default_socket" value="/Applications/MAMP/tmp/mysql/mysql.sock" />
            <configuration_option name="mysqli.default_user" value="" />
            <configuration_option name="mysqli.max_links" value="-1" />
            <configuration_option name="mysqli.max_persistent" value="-1" />
            <configuration_option name="mysqli.reconnect" value="0" />
            <configuration_option name="mysqli.rollback_on_cached_plink" value="0" />
            <configuration_option name="mysqlnd.collect_memory_statistics" value="0" />
            <configuration_option name="mysqlnd.collect_statistics" value="1" />
            <configuration_option name="mysqlnd.debug" value="" />
            <configuration_option name="mysqlnd.fetch_data_copy" value="0" />
            <configuration_option name="mysqlnd.log_mask" value="0" />
            <configuration_option name="mysqlnd.mempool_default_size" value="16000" />
            <configuration_option name="mysqlnd.net_cmd_buffer_size" value="4096" />
            <configuration_option name="mysqlnd.net_read_buffer_size" value="32768" />
            <configuration_option name="mysqlnd.net_read_timeout" value="31536000" />
            <configuration_option name="mysqlnd.sha256_server_public_key" value="" />
            <configuration_option name="mysqlnd.trace_alloc" value="" />
            <configuration_option name="open_basedir" value="" />
            <configuration_option name="openssl.cafile" value="" />
            <configuration_option name="openssl.capath" value="" />
            <configuration_option name="output_buffering" value="0" />
            <configuration_option name="output_encoding" value="" />
            <configuration_option name="output_handler" value="" />
            <configuration_option name="pcre.backtrack_limit" value="1000000" />
            <configuration_option name="pcre.jit" value="1" />
            <configuration_option name="pcre.recursion_limit" value="100000" />
            <configuration_option name="pdo_mysql.default_socket" value="/Applications/MAMP/tmp/mysql/mysql.sock" />
            <configuration_option name="pgsql.allow_persistent" value="1" />
            <configuration_option name="pgsql.auto_reset_persistent" value="" />
            <configuration_option name="pgsql.ignore_notice" value="0" />
            <configuration_option name="pgsql.log_notice" value="0" />
            <configuration_option name="pgsql.max_links" value="-1" />
            <configuration_option name="pgsql.max_persistent" value="-1" />
            <configuration_option name="phar.cache_list" value="" />
            <configuration_option name="phar.readonly" value="1" />
            <configuration_option name="phar.require_hash" value="1" />
            <configuration_option name="post_max_size" value="32M" />
            <configuration_option name="precision" value="12" />
            <configuration_option name="realpath_cache_size" value="4096K" />
            <configuration_option name="realpath_cache_ttl" value="120" />
            <configuration_option name="register_argc_argv" value="1" />
            <configuration_option name="report_memleaks" value="1" />
            <configuration_option name="report_zend_debug" value="0" />
            <configuration_option name="request_order" value="" />
            <configuration_option name="sendmail_from" value="" />
            <configuration_option name="sendmail_path" value="/usr/sbin/sendmail -t -i " />
            <configuration_option name="serialize_precision" value="100" />
            <configuration_option name="session.auto_start" value="0" />
            <configuration_option name="session.cache_expire" value="180" />
            <configuration_option name="session.cache_limiter" value="nocache" />
            <configuration_option name="session.cookie_domain" value="" />
            <configuration_option name="session.cookie_httponly" value="" />
            <configuration_option name="session.cookie_lifetime" value="0" />
            <configuration_option name="session.cookie_path" value="/" />
            <configuration_option name="session.cookie_secure" value="" />
            <configuration_option name="session.gc_divisor" value="100" />
            <configuration_option name="session.gc_maxlifetime" value="1440" />
            <configuration_option name="session.gc_probability" value="1" />
            <configuration_option name="session.lazy_write" value="1" />
            <configuration_option name="session.name" value="PHPSESSID" />
            <configuration_option name="session.referer_check" value="" />
            <configuration_option name="session.save_handler" value="files" />
            <configuration_option name="session.save_path" value="/Applications/MAMP/tmp/php" />
            <configuration_option name="session.serialize_handler" value="php" />
            <configuration_option name="session.sid_bits_per_character" value="4" />
            <configuration_option name="session.sid_length" value="32" />
            <configuration_option name="session.trans_sid_hosts" value="" />
            <configuration_option name="session.trans_sid_tags" value="a=href,area=href,frame=src,form=" />
            <configuration_option name="session.upload_progress.cleanup" value="1" />
            <configuration_option name="session.upload_progress.enabled" value="1" />
            <configuration_option name="session.upload_progress.freq" value="1%" />
            <configuration_option name="session.upload_progress.min_freq" value="1" />
            <configuration_option name="session.upload_progress.name" value="PHP_SESSION_UPLOAD_PROGRESS" />
            <configuration_option name="session.upload_progress.prefix" value="upload_progress_" />
            <configuration_option name="session.use_cookies" value="1" />
            <configuration_option name="session.use_only_cookies" value="1" />
            <configuration_option name="session.use_strict_mode" value="0" />
            <configuration_option name="session.use_trans_sid" value="0" />
            <configuration_option name="short_open_tag" value="1" />
            <configuration_option name="smtp_port" value="25" />
            <configuration_option name="soap.wsdl_cache" value="1" />
            <configuration_option name="soap.wsdl_cache_dir" value="/tmp" />
            <configuration_option name="soap.wsdl_cache_enabled" value="1" />
            <configuration_option name="soap.wsdl_cache_limit" value="5" />
            <configuration_option name="soap.wsdl_cache_ttl" value="86400" />
            <configuration_option name="sql.safe_mode" value="" />
            <configuration_option name="sqlite3.extension_dir" value="" />
            <configuration_option name="sys_temp_dir" value="" />
            <configuration_option name="track_errors" value="" />
            <configuration_option name="unserialize_callback_func" value="" />
            <configuration_option name="upload_max_filesize" value="32M" />
            <configuration_option name="upload_tmp_dir" value="/Applications/MAMP/tmp/php" />
            <configuration_option name="url_rewriter.hosts" value="" />
            <configuration_option name="url_rewriter.tags" value="a=href,area=href,frame=src,input=src,form=,fieldset=" />
            <configuration_option name="user_agent" value="" />
            <configuration_option name="user_dir" value="" />
            <configuration_option name="user_ini.cache_ttl" value="300" />
            <configuration_option name="user_ini.filename" value=".user.ini" />
            <configuration_option name="variables_order" value="EGPCS" />
            <configuration_option name="xmlrpc_error_number" value="0" />
            <configuration_option name="xmlrpc_errors" value="0" />
            <configuration_option name="zend.assertions" value="1" />
            <configuration_option name="zend.detect_unicode" value="1" />
            <configuration_option name="zend.enable_gc" value="1" />
            <configuration_option name="zend.multibyte" value="0" />
            <configuration_option name="zend.script_encoding" value="" />
            <configuration_option name="zend.signal_check" value="0" />
            <configuration_option name="zlib.output_compression" value="" />
            <configuration_option name="zlib.output_compression_level" value="-1" />
            <configuration_option name="zlib.output_handler" value="" />
          </configuration_options>
          <debuggers />
          <loaded_extensions>
            <extension name="Core" />
            <extension name="PDO" />
            <extension name="Phar" />
            <extension name="Reflection" />
            <extension name="SPL" />
            <extension name="SimpleXML" />
            <extension name="bcmath" />
            <extension name="bz2" />
            <extension name="calendar" />
            <extension name="ctype" />
            <extension name="curl" />
            <extension name="date" />
            <extension name="dom" />
            <extension name="exif" />
            <extension name="fileinfo" />
            <extension name="filter" />
            <extension name="ftp" />
            <extension name="gd" />
            <extension name="gettext" />
            <extension name="hash" />
            <extension name="iconv" />
            <extension name="imap" />
            <extension name="intl" />
            <extension name="json" />
            <extension name="ldap" />
            <extension name="libxml" />
            <extension name="mbstring" />
            <extension name="mcrypt" />
            <extension name="mysqli" />
            <extension name="mysqlnd" />
            <extension name="openssl" />
            <extension name="pcre" />
            <extension name="pdo_mysql" />
            <extension name="pdo_pgsql" />
            <extension name="pdo_sqlite" />
            <extension name="pgsql" />
            <extension name="posix" />
            <extension name="readline" />
            <extension name="session" />
            <extension name="soap" />
            <extension name="sockets" />
            <extension name="sqlite3" />
            <extension name="standard" />
            <extension name="tokenizer" />
            <extension name="wddx" />
            <extension name="xml" />
            <extension name="xmlreader" />
            <extension name="xmlrpc" />
            <extension name="xmlwriter" />
            <extension name="xsl" />
            <extension name="zip" />
            <extension name="zlib" />
          </loaded_extensions>
        </phpinfo>
      </interpreter>
      <interpreter name="PHP 7.2.1">
        <phpinfo binary_type="PHP" php_cgi="/usr/local/bin/php-cgi" php_cli="/usr/local/bin/php" path_separator=":" version="7.2.1">
          <additional_php_ini />
          <configuration_file>/usr/local/lib/php.ini</configuration_file>
          <configuration_options>
            <configuration_option name="SMTP" value="localhost" />
            <configuration_option name="allow_url_fopen" value="1" />
            <configuration_option name="allow_url_include" value="" />
            <configuration_option name="arg_separator.input" value="&amp;" />
            <configuration_option name="arg_separator.output" value="&amp;" />
            <configuration_option name="assert.active" value="1" />
            <configuration_option name="assert.bail" value="0" />
            <configuration_option name="assert.callback" value="" />
            <configuration_option name="assert.exception" value="0" />
            <configuration_option name="assert.quiet_eval" value="0" />
            <configuration_option name="assert.warning" value="1" />
            <configuration_option name="auto_append_file" value="" />
            <configuration_option name="auto_detect_line_endings" value="0" />
            <configuration_option name="auto_globals_jit" value="1" />
            <configuration_option name="auto_prepend_file" value="" />
            <configuration_option name="bcmath.scale" value="0" />
            <configuration_option name="browscap" value="" />
            <configuration_option name="cli.pager" value="" />
            <configuration_option name="cli.prompt" value="\b \&gt; " />
            <configuration_option name="curl.cainfo" value="" />
            <configuration_option name="date.default_latitude" value="31.7667" />
            <configuration_option name="date.default_longitude" value="35.2333" />
            <configuration_option name="date.sunrise_zenith" value="90.583333" />
            <configuration_option name="date.sunset_zenith" value="90.583333" />
            <configuration_option name="date.timezone" value="Asia/Shanghai" />
            <configuration_option name="default_charset" value="UTF-8" />
            <configuration_option name="default_mimetype" value="text/html" />
            <configuration_option name="default_socket_timeout" value="60" />
            <configuration_option name="disable_classes" value="" />
            <configuration_option name="disable_functions" value="" />
            <configuration_option name="display_errors" value="" />
            <configuration_option name="display_startup_errors" value="" />
            <configuration_option name="doc_root" value="" />
            <configuration_option name="docref_ext" value="" />
            <configuration_option name="docref_root" value="" />
            <configuration_option name="enable_dl" value="" />
            <configuration_option name="enable_post_data_reading" value="1" />
            <configuration_option name="error_append_string" value="" />
            <configuration_option name="error_log" value="/usr/local/var/log/errors_php.log" />
            <configuration_option name="error_prepend_string" value="" />
            <configuration_option name="error_reporting" value="22527" />
            <configuration_option name="expose_php" value="1" />
            <configuration_option name="extension_dir" value="/usr/local/lib/php/extensions/no-debug-non-zts-20170718" />
            <configuration_option name="file_uploads" value="1" />
            <configuration_option name="filter.default" value="unsafe_raw" />
            <configuration_option name="filter.default_flags" value="" />
            <configuration_option name="from" value="" />
            <configuration_option name="gd.jpeg_ignore_warning" value="1" />
            <configuration_option name="hard_timeout" value="2" />
            <configuration_option name="highlight.comment" value="#FF8000" />
            <configuration_option name="highlight.default" value="#0000BB" />
            <configuration_option name="highlight.html" value="#000000" />
            <configuration_option name="highlight.keyword" value="#007700" />
            <configuration_option name="highlight.string" value="#DD0000" />
            <configuration_option name="html_errors" value="0" />
            <configuration_option name="iconv.input_encoding" value="" />
            <configuration_option name="iconv.internal_encoding" value="" />
            <configuration_option name="iconv.output_encoding" value="" />
            <configuration_option name="ignore_repeated_errors" value="" />
            <configuration_option name="ignore_repeated_source" value="" />
            <configuration_option name="ignore_user_abort" value="0" />
            <configuration_option name="implicit_flush" value="1" />
            <configuration_option name="include_path" value=".:/usr/local/lib/php" />
            <configuration_option name="input_encoding" value="" />
            <configuration_option name="internal_encoding" value="" />
            <configuration_option name="log_errors" value="1" />
            <configuration_option name="log_errors_max_len" value="1024" />
            <configuration_option name="mail.add_x_header" value="1" />
            <configuration_option name="mail.force_extra_parameters" value="" />
            <configuration_option name="mail.log" value="" />
            <configuration_option name="max_execution_time" value="0" />
            <configuration_option name="max_file_uploads" value="20" />
            <configuration_option name="max_input_nesting_level" value="64" />
            <configuration_option name="max_input_time" value="-1" />
            <configuration_option name="max_input_vars" value="1000" />
            <configuration_option name="mbstring.detect_order" value="" />
            <configuration_option name="mbstring.encoding_translation" value="0" />
            <configuration_option name="mbstring.func_overload" value="0" />
            <configuration_option name="mbstring.http_input" value="" />
            <configuration_option name="mbstring.http_output" value="" />
            <configuration_option name="mbstring.http_output_conv_mimetypes" value="^(text/|application/xhtml\+xml)" />
            <configuration_option name="mbstring.internal_encoding" value="" />
            <configuration_option name="mbstring.language" value="neutral" />
            <configuration_option name="mbstring.strict_detection" value="0" />
            <configuration_option name="mbstring.substitute_character" value="" />
            <configuration_option name="memory_limit" value="128M" />
            <configuration_option name="mysqlnd.collect_memory_statistics" value="" />
            <configuration_option name="mysqlnd.collect_statistics" value="1" />
            <configuration_option name="mysqlnd.debug" value="" />
            <configuration_option name="mysqlnd.fetch_data_copy" value="0" />
            <configuration_option name="mysqlnd.log_mask" value="0" />
            <configuration_option name="mysqlnd.mempool_default_size" value="16000" />
            <configuration_option name="mysqlnd.net_cmd_buffer_size" value="4096" />
            <configuration_option name="mysqlnd.net_read_buffer_size" value="32768" />
            <configuration_option name="mysqlnd.net_read_timeout" value="86400" />
            <configuration_option name="mysqlnd.sha256_server_public_key" value="" />
            <configuration_option name="mysqlnd.trace_alloc" value="" />
            <configuration_option name="open_basedir" value="" />
            <configuration_option name="openssl.cafile" value="" />
            <configuration_option name="openssl.capath" value="" />
            <configuration_option name="output_buffering" value="0" />
            <configuration_option name="output_encoding" value="" />
            <configuration_option name="output_handler" value="" />
            <configuration_option name="pcre.backtrack_limit" value="1000000" />
            <configuration_option name="pcre.jit" value="1" />
            <configuration_option name="pcre.recursion_limit" value="100000" />
            <configuration_option name="pdo_mysql.default_socket" value="/tmp/mysql.sock" />
            <configuration_option name="pgsql.allow_persistent" value="1" />
            <configuration_option name="pgsql.auto_reset_persistent" value="" />
            <configuration_option name="pgsql.ignore_notice" value="0" />
            <configuration_option name="pgsql.log_notice" value="0" />
            <configuration_option name="pgsql.max_links" value="-1" />
            <configuration_option name="pgsql.max_persistent" value="-1" />
            <configuration_option name="phalcon.db.escape_identifiers" value="1" />
            <configuration_option name="phalcon.db.force_casting" value="0" />
            <configuration_option name="phalcon.orm.cast_on_hydrate" value="0" />
            <configuration_option name="phalcon.orm.column_renaming" value="1" />
            <configuration_option name="phalcon.orm.disable_assign_setters" value="0" />
            <configuration_option name="phalcon.orm.enable_implicit_joins" value="1" />
            <configuration_option name="phalcon.orm.enable_literals" value="1" />
            <configuration_option name="phalcon.orm.events" value="1" />
            <configuration_option name="phalcon.orm.exception_on_failed_save" value="0" />
            <configuration_option name="phalcon.orm.ignore_unknown_columns" value="0" />
            <configuration_option name="phalcon.orm.late_state_binding" value="0" />
            <configuration_option name="phalcon.orm.not_null_validations" value="1" />
            <configuration_option name="phalcon.orm.update_snapshot_on_save" value="1" />
            <configuration_option name="phalcon.orm.virtual_foreign_keys" value="1" />
            <configuration_option name="phar.cache_list" value="" />
            <configuration_option name="phar.readonly" value="1" />
            <configuration_option name="phar.require_hash" value="1" />
            <configuration_option name="post_max_size" value="8M" />
            <configuration_option name="precision" value="14" />
            <configuration_option name="realpath_cache_size" value="4096K" />
            <configuration_option name="realpath_cache_ttl" value="120" />
            <configuration_option name="redis.arrays.autorehash" value="" />
            <configuration_option name="redis.arrays.connecttimeout" value="" />
            <configuration_option name="redis.arrays.distributor" value="" />
            <configuration_option name="redis.arrays.functions" value="" />
            <configuration_option name="redis.arrays.hosts" value="" />
            <configuration_option name="redis.arrays.index" value="" />
            <configuration_option name="redis.arrays.lazyconnect" value="" />
            <configuration_option name="redis.arrays.names" value="" />
            <configuration_option name="redis.arrays.pconnect" value="" />
            <configuration_option name="redis.arrays.previous" value="" />
            <configuration_option name="redis.arrays.readtimeout" value="" />
            <configuration_option name="redis.arrays.retryinterval" value="" />
            <configuration_option name="redis.clusters.persistent" value="" />
            <configuration_option name="redis.clusters.read_timeout" value="" />
            <configuration_option name="redis.clusters.seeds" value="" />
            <configuration_option name="redis.clusters.timeout" value="" />
            <configuration_option name="register_argc_argv" value="1" />
            <configuration_option name="report_memleaks" value="1" />
            <configuration_option name="report_zend_debug" value="0" />
            <configuration_option name="request_order" value="GP" />
            <configuration_option name="sendmail_from" value="" />
            <configuration_option name="sendmail_path" value="/usr/sbin/sendmail -t -i " />
            <configuration_option name="serialize_precision" value="-1" />
            <configuration_option name="session.auto_start" value="0" />
            <configuration_option name="session.cache_expire" value="180" />
            <configuration_option name="session.cache_limiter" value="nocache" />
            <configuration_option name="session.cookie_domain" value="" />
            <configuration_option name="session.cookie_httponly" value="" />
            <configuration_option name="session.cookie_lifetime" value="0" />
            <configuration_option name="session.cookie_path" value="/" />
            <configuration_option name="session.cookie_secure" value="0" />
            <configuration_option name="session.gc_divisor" value="1000" />
            <configuration_option name="session.gc_maxlifetime" value="1440" />
            <configuration_option name="session.gc_probability" value="1" />
            <configuration_option name="session.lazy_write" value="1" />
            <configuration_option name="session.name" value="PHPSESSID" />
            <configuration_option name="session.referer_check" value="" />
            <configuration_option name="session.save_handler" value="files" />
            <configuration_option name="session.save_path" value="" />
            <configuration_option name="session.serialize_handler" value="php" />
            <configuration_option name="session.sid_bits_per_character" value="5" />
            <configuration_option name="session.sid_length" value="26" />
            <configuration_option name="session.trans_sid_hosts" value="" />
            <configuration_option name="session.trans_sid_tags" value="a=href,area=href,frame=src,form=" />
            <configuration_option name="session.upload_progress.cleanup" value="1" />
            <configuration_option name="session.upload_progress.enabled" value="1" />
            <configuration_option name="session.upload_progress.freq" value="1%" />
            <configuration_option name="session.upload_progress.min_freq" value="1" />
            <configuration_option name="session.upload_progress.name" value="PHP_SESSION_UPLOAD_PROGRESS" />
            <configuration_option name="session.upload_progress.prefix" value="upload_progress_" />
            <configuration_option name="session.use_cookies" value="1" />
            <configuration_option name="session.use_only_cookies" value="1" />
            <configuration_option name="session.use_strict_mode" value="0" />
            <configuration_option name="session.use_trans_sid" value="0" />
            <configuration_option name="short_open_tag" value="" />
            <configuration_option name="smtp_port" value="25" />
            <configuration_option name="sqlite3.extension_dir" value="" />
            <configuration_option name="sys_temp_dir" value="" />
            <configuration_option name="track_errors" value="0" />
            <configuration_option name="unserialize_callback_func" value="" />
            <configuration_option name="upload_max_filesize" value="2M" />
            <configuration_option name="upload_tmp_dir" value="" />
            <configuration_option name="url_rewriter.hosts" value="" />
            <configuration_option name="url_rewriter.tags" value="form=" />
            <configuration_option name="user_agent" value="" />
            <configuration_option name="user_dir" value="" />
            <configuration_option name="user_ini.cache_ttl" value="300" />
            <configuration_option name="user_ini.filename" value=".user.ini" />
            <configuration_option name="variables_order" value="GPCS" />
            <configuration_option name="xmlrpc_error_number" value="0" />
            <configuration_option name="xmlrpc_errors" value="0" />
            <configuration_option name="zend.assertions" value="-1" />
            <configuration_option name="zend.detect_unicode" value="1" />
            <configuration_option name="zend.enable_gc" value="1" />
            <configuration_option name="zend.multibyte" value="0" />
            <configuration_option name="zend.script_encoding" value="" />
            <configuration_option name="zend.signal_check" value="0" />
            <configuration_option name="zlib.output_compression" value="" />
            <configuration_option name="zlib.output_compression_level" value="-1" />
            <configuration_option name="zlib.output_handler" value="" />
          </configuration_options>
          <debuggers />
          <loaded_extensions>
            <extension name="Core" />
            <extension name="PDO" />
            <extension name="Phar" />
            <extension name="Reflection" />
            <extension name="SPL" />
            <extension name="SimpleXML" />
            <extension name="bcmath" />
            <extension name="ctype" />
            <extension name="curl" />
            <extension name="date" />
            <extension name="dom" />
            <extension name="fileinfo" />
            <extension name="filter" />
            <extension name="gd" />
            <extension name="gmp" />
            <extension name="hash" />
            <extension name="iconv" />
            <extension name="json" />
            <extension name="libxml" />
            <extension name="mbstring" />
            <extension name="mysqlnd" />
            <extension name="openssl" />
            <extension name="pcntl" />
            <extension name="pcre" />
            <extension name="pdo_mysql" />
            <extension name="pdo_pgsql" />
            <extension name="pdo_sqlite" />
            <extension name="pgsql" />
            <extension name="phalcon" />
            <extension name="posix" />
            <extension name="readline" />
            <extension name="redis" />
            <extension name="session" />
            <extension name="sqlite3" />
            <extension name="ssdb" />
            <extension name="standard" />
            <extension name="sysvmsg" />
            <extension name="tokenizer" />
            <extension name="xml" />
            <extension name="xmlreader" />
            <extension name="xmlwriter" />
            <extension name="zip" />
            <extension name="zlib" />
          </loaded_extensions>
        </phpinfo>
      </interpreter>
      <interpreter name="PHP5.6">
        <phpinfo binary_type="PHP" php_cgi="/Applications/MAMP/bin/php/php5.6.32/bin/php-cgi" php_cli="/Applications/MAMP/bin/php/php5.6.32/bin/php" path_separator=":" version="5.6.32">
          <additional_php_ini />
          <configuration_file>/Applications/MAMP/bin/php/php5.6.32/conf/php.ini</configuration_file>
          <configuration_options>
            <configuration_option name="SMTP" value="localhost" />
            <configuration_option name="allow_url_fopen" value="1" />
            <configuration_option name="allow_url_include" value="0" />
            <configuration_option name="always_populate_raw_post_data" value="0" />
            <configuration_option name="arg_separator.input" value="&amp;" />
            <configuration_option name="arg_separator.output" value="&amp;" />
            <configuration_option name="asp_tags" value="" />
            <configuration_option name="assert.active" value="1" />
            <configuration_option name="assert.bail" value="0" />
            <configuration_option name="assert.callback" value="" />
            <configuration_option name="assert.quiet_eval" value="0" />
            <configuration_option name="assert.warning" value="1" />
            <configuration_option name="auto_append_file" value="" />
            <configuration_option name="auto_detect_line_endings" value="0" />
            <configuration_option name="auto_globals_jit" value="1" />
            <configuration_option name="auto_prepend_file" value="" />
            <configuration_option name="bcmath.scale" value="0" />
            <configuration_option name="browscap" value="" />
            <configuration_option name="cli.pager" value="" />
            <configuration_option name="cli.prompt" value="\b \&gt; " />
            <configuration_option name="curl.cainfo" value="" />
            <configuration_option name="date.default_latitude" value="31.7667" />
            <configuration_option name="date.default_longitude" value="35.2333" />
            <configuration_option name="date.sunrise_zenith" value="90.583333" />
            <configuration_option name="date.sunset_zenith" value="90.583333" />
            <configuration_option name="date.timezone" value="Europe/Berlin" />
            <configuration_option name="default_charset" value="UTF-8" />
            <configuration_option name="default_mimetype" value="text/html" />
            <configuration_option name="default_socket_timeout" value="60" />
            <configuration_option name="disable_classes" value="" />
            <configuration_option name="disable_functions" value="" />
            <configuration_option name="display_errors" value="" />
            <configuration_option name="display_startup_errors" value="" />
            <configuration_option name="doc_root" value="" />
            <configuration_option name="docref_ext" value="" />
            <configuration_option name="docref_root" value="" />
            <configuration_option name="enable_dl" value="1" />
            <configuration_option name="enable_post_data_reading" value="1" />
            <configuration_option name="error_append_string" value="" />
            <configuration_option name="error_log" value="/Applications/MAMP/logs/php_error.log" />
            <configuration_option name="error_prepend_string" value="" />
            <configuration_option name="error_reporting" value="32767" />
            <configuration_option name="exif.decode_jis_intel" value="JIS" />
            <configuration_option name="exif.decode_jis_motorola" value="JIS" />
            <configuration_option name="exif.decode_unicode_intel" value="UCS-2LE" />
            <configuration_option name="exif.decode_unicode_motorola" value="UCS-2BE" />
            <configuration_option name="exif.encode_jis" value="" />
            <configuration_option name="exif.encode_unicode" value="ISO-8859-15" />
            <configuration_option name="exit_on_timeout" value="0" />
            <configuration_option name="expose_php" value="1" />
            <configuration_option name="extension_dir" value="/Applications/MAMP/bin/php/php5.6.32/lib/php/extensions/no-debug-non-zts-20131226/" />
            <configuration_option name="file_uploads" value="1" />
            <configuration_option name="filter.default" value="unsafe_raw" />
            <configuration_option name="filter.default_flags" value="" />
            <configuration_option name="from" value="" />
            <configuration_option name="gd.jpeg_ignore_warning" value="0" />
            <configuration_option name="highlight.comment" value="#FF8000" />
            <configuration_option name="highlight.default" value="#0000BB" />
            <configuration_option name="highlight.html" value="#000000" />
            <configuration_option name="highlight.keyword" value="#007700" />
            <configuration_option name="highlight.string" value="#DD0000" />
            <configuration_option name="html_errors" value="0" />
            <configuration_option name="iconv.input_encoding" value="" />
            <configuration_option name="iconv.internal_encoding" value="" />
            <configuration_option name="iconv.output_encoding" value="" />
            <configuration_option name="ignore_repeated_errors" value="" />
            <configuration_option name="ignore_repeated_source" value="" />
            <configuration_option name="ignore_user_abort" value="0" />
            <configuration_option name="implicit_flush" value="1" />
            <configuration_option name="include_path" value=".:/Applications/MAMP/bin/php/php5.6.32/lib/php" />
            <configuration_option name="input_encoding" value="" />
            <configuration_option name="internal_encoding" value="" />
            <configuration_option name="intl.default_locale" value="" />
            <configuration_option name="intl.error_level" value="0" />
            <configuration_option name="intl.use_exceptions" value="0" />
            <configuration_option name="ldap.max_links" value="-1" />
            <configuration_option name="log_errors" value="1" />
            <configuration_option name="log_errors_max_len" value="1024" />
            <configuration_option name="mail.add_x_header" value="0" />
            <configuration_option name="mail.force_extra_parameters" value="" />
            <configuration_option name="mail.log" value="" />
            <configuration_option name="max_execution_time" value="0" />
            <configuration_option name="max_file_uploads" value="20" />
            <configuration_option name="max_input_nesting_level" value="64" />
            <configuration_option name="max_input_time" value="-1" />
            <configuration_option name="max_input_vars" value="1000" />
            <configuration_option name="mbstring.detect_order" value="" />
            <configuration_option name="mbstring.encoding_translation" value="0" />
            <configuration_option name="mbstring.func_overload" value="0" />
            <configuration_option name="mbstring.http_input" value="" />
            <configuration_option name="mbstring.http_output" value="" />
            <configuration_option name="mbstring.http_output_conv_mimetypes" value="^(text/|application/xhtml\+xml)" />
            <configuration_option name="mbstring.internal_encoding" value="" />
            <configuration_option name="mbstring.language" value="neutral" />
            <configuration_option name="mbstring.strict_detection" value="0" />
            <configuration_option name="mbstring.substitute_character" value="" />
            <configuration_option name="mcrypt.algorithms_dir" value="" />
            <configuration_option name="mcrypt.modes_dir" value="" />
            <configuration_option name="memory_limit" value="128M" />
            <configuration_option name="mysql.allow_local_infile" value="1" />
            <configuration_option name="mysql.allow_persistent" value="1" />
            <configuration_option name="mysql.connect_timeout" value="60" />
            <configuration_option name="mysql.default_host" value="" />
            <configuration_option name="mysql.default_password" value="" />
            <configuration_option name="mysql.default_port" value="" />
            <configuration_option name="mysql.default_socket" value="/Applications/MAMP/tmp/mysql/mysql.sock" />
            <configuration_option name="mysql.default_user" value="" />
            <configuration_option name="mysql.max_links" value="-1" />
            <configuration_option name="mysql.max_persistent" value="-1" />
            <configuration_option name="mysql.trace_mode" value="" />
            <configuration_option name="mysqli.allow_local_infile" value="1" />
            <configuration_option name="mysqli.allow_persistent" value="1" />
            <configuration_option name="mysqli.default_host" value="" />
            <configuration_option name="mysqli.default_port" value="3306" />
            <configuration_option name="mysqli.default_pw" value="" />
            <configuration_option name="mysqli.default_socket" value="/Applications/MAMP/tmp/mysql/mysql.sock" />
            <configuration_option name="mysqli.default_user" value="" />
            <configuration_option name="mysqli.max_links" value="-1" />
            <configuration_option name="mysqli.max_persistent" value="-1" />
            <configuration_option name="mysqli.reconnect" value="0" />
            <configuration_option name="mysqli.rollback_on_cached_plink" value="0" />
            <configuration_option name="mysqlnd.collect_memory_statistics" value="0" />
            <configuration_option name="mysqlnd.collect_statistics" value="1" />
            <configuration_option name="mysqlnd.debug" value="" />
            <configuration_option name="mysqlnd.fetch_data_copy" value="0" />
            <configuration_option name="mysqlnd.log_mask" value="0" />
            <configuration_option name="mysqlnd.mempool_default_size" value="16000" />
            <configuration_option name="mysqlnd.net_cmd_buffer_size" value="4096" />
            <configuration_option name="mysqlnd.net_read_buffer_size" value="32768" />
            <configuration_option name="mysqlnd.net_read_timeout" value="31536000" />
            <configuration_option name="mysqlnd.sha256_server_public_key" value="" />
            <configuration_option name="mysqlnd.trace_alloc" value="" />
            <configuration_option name="open_basedir" value="" />
            <configuration_option name="openssl.cafile" value="" />
            <configuration_option name="openssl.capath" value="" />
            <configuration_option name="output_buffering" value="0" />
            <configuration_option name="output_encoding" value="" />
            <configuration_option name="output_handler" value="" />
            <configuration_option name="pcre.backtrack_limit" value="1000000" />
            <configuration_option name="pcre.recursion_limit" value="100000" />
            <configuration_option name="pdo_mysql.default_socket" value="/Applications/MAMP/tmp/mysql/mysql.sock" />
            <configuration_option name="pgsql.allow_persistent" value="1" />
            <configuration_option name="pgsql.auto_reset_persistent" value="" />
            <configuration_option name="pgsql.ignore_notice" value="0" />
            <configuration_option name="pgsql.log_notice" value="0" />
            <configuration_option name="pgsql.max_links" value="-1" />
            <configuration_option name="pgsql.max_persistent" value="-1" />
            <configuration_option name="phar.cache_list" value="" />
            <configuration_option name="phar.readonly" value="1" />
            <configuration_option name="phar.require_hash" value="1" />
            <configuration_option name="post_max_size" value="32M" />
            <configuration_option name="precision" value="12" />
            <configuration_option name="realpath_cache_size" value="16K" />
            <configuration_option name="realpath_cache_ttl" value="120" />
            <configuration_option name="register_argc_argv" value="1" />
            <configuration_option name="report_memleaks" value="1" />
            <configuration_option name="report_zend_debug" value="0" />
            <configuration_option name="request_order" value="" />
            <configuration_option name="sendmail_from" value="" />
            <configuration_option name="sendmail_path" value="/usr/sbin/sendmail -t -i " />
            <configuration_option name="serialize_precision" value="100" />
            <configuration_option name="session.auto_start" value="0" />
            <configuration_option name="session.cache_expire" value="180" />
            <configuration_option name="session.cache_limiter" value="nocache" />
            <configuration_option name="session.cookie_domain" value="" />
            <configuration_option name="session.cookie_httponly" value="" />
            <configuration_option name="session.cookie_lifetime" value="0" />
            <configuration_option name="session.cookie_path" value="/" />
            <configuration_option name="session.cookie_secure" value="" />
            <configuration_option name="session.entropy_file" value="" />
            <configuration_option name="session.entropy_length" value="0" />
            <configuration_option name="session.gc_divisor" value="100" />
            <configuration_option name="session.gc_maxlifetime" value="1440" />
            <configuration_option name="session.gc_probability" value="1" />
            <configuration_option name="session.hash_bits_per_character" value="4" />
            <configuration_option name="session.hash_function" value="0" />
            <configuration_option name="session.name" value="PHPSESSID" />
            <configuration_option name="session.referer_check" value="" />
            <configuration_option name="session.save_handler" value="files" />
            <configuration_option name="session.save_path" value="/Applications/MAMP/tmp/php" />
            <configuration_option name="session.serialize_handler" value="php" />
            <configuration_option name="session.upload_progress.cleanup" value="1" />
            <configuration_option name="session.upload_progress.enabled" value="1" />
            <configuration_option name="session.upload_progress.freq" value="1%" />
            <configuration_option name="session.upload_progress.min_freq" value="1" />
            <configuration_option name="session.upload_progress.name" value="PHP_SESSION_UPLOAD_PROGRESS" />
            <configuration_option name="session.upload_progress.prefix" value="upload_progress_" />
            <configuration_option name="session.use_cookies" value="1" />
            <configuration_option name="session.use_only_cookies" value="1" />
            <configuration_option name="session.use_strict_mode" value="0" />
            <configuration_option name="session.use_trans_sid" value="0" />
            <configuration_option name="short_open_tag" value="1" />
            <configuration_option name="smtp_port" value="25" />
            <configuration_option name="soap.wsdl_cache" value="1" />
            <configuration_option name="soap.wsdl_cache_dir" value="/tmp" />
            <configuration_option name="soap.wsdl_cache_enabled" value="1" />
            <configuration_option name="soap.wsdl_cache_limit" value="5" />
            <configuration_option name="soap.wsdl_cache_ttl" value="86400" />
            <configuration_option name="sql.safe_mode" value="" />
            <configuration_option name="sqlite3.extension_dir" value="" />
            <configuration_option name="sys_temp_dir" value="" />
            <configuration_option name="track_errors" value="" />
            <configuration_option name="unserialize_callback_func" value="" />
            <configuration_option name="upload_max_filesize" value="32M" />
            <configuration_option name="upload_tmp_dir" value="/Applications/MAMP/tmp/php" />
            <configuration_option name="url_rewriter.tags" value="a=href,area=href,frame=src,input=src,form=,fieldset=" />
            <configuration_option name="user_agent" value="" />
            <configuration_option name="user_dir" value="" />
            <configuration_option name="user_ini.cache_ttl" value="300" />
            <configuration_option name="user_ini.filename" value=".user.ini" />
            <configuration_option name="variables_order" value="EGPCS" />
            <configuration_option name="xmlrpc_error_number" value="0" />
            <configuration_option name="xmlrpc_errors" value="0" />
            <configuration_option name="xsl.security_prefs" value="44" />
            <configuration_option name="zend.detect_unicode" value="1" />
            <configuration_option name="zend.enable_gc" value="1" />
            <configuration_option name="zend.multibyte" value="0" />
            <configuration_option name="zend.script_encoding" value="" />
            <configuration_option name="zlib.output_compression" value="" />
            <configuration_option name="zlib.output_compression_level" value="-1" />
            <configuration_option name="zlib.output_handler" value="" />
          </configuration_options>
          <debuggers />
          <loaded_extensions>
            <extension name="Core" />
            <extension name="PDO" />
            <extension name="Phar" />
            <extension name="Reflection" />
            <extension name="SPL" />
            <extension name="SimpleXML" />
            <extension name="bcmath" />
            <extension name="bz2" />
            <extension name="calendar" />
            <extension name="ctype" />
            <extension name="curl" />
            <extension name="date" />
            <extension name="dom" />
            <extension name="ereg" />
            <extension name="exif" />
            <extension name="fileinfo" />
            <extension name="filter" />
            <extension name="ftp" />
            <extension name="gd" />
            <extension name="gettext" />
            <extension name="hash" />
            <extension name="iconv" />
            <extension name="imap" />
            <extension name="intl" />
            <extension name="json" />
            <extension name="ldap" />
            <extension name="libxml" />
            <extension name="mbstring" />
            <extension name="mcrypt" />
            <extension name="mhash" />
            <extension name="mysql" />
            <extension name="mysqli" />
            <extension name="mysqlnd" />
            <extension name="openssl" />
            <extension name="pcre" />
            <extension name="pdo_mysql" />
            <extension name="pdo_pgsql" />
            <extension name="pdo_sqlite" />
            <extension name="pgsql" />
            <extension name="posix" />
            <extension name="readline" />
            <extension name="session" />
            <extension name="soap" />
            <extension name="sockets" />
            <extension name="sqlite3" />
            <extension name="standard" />
            <extension name="tokenizer" />
            <extension name="wddx" />
            <extension name="xml" />
            <extension name="xmlreader" />
            <extension name="xmlwriter" />
            <extension name="xsl" />
            <extension name="zip" />
            <extension name="zlib" />
          </loaded_extensions>
        </phpinfo>
      </interpreter>
    </phpInfoCache>
  </component>
</application>