<keymap version="1" name="Eclipse (Mac OS X) copy" parent="Eclipse (Mac OS X)">
  <action id="$Delete">
    <keyboard-shortcut first-keystroke="delete" />
    <keyboard-shortcut first-keystroke="back_space" />
  </action>
  <action id="EditorDeleteLine">
    <keyboard-shortcut first-keystroke="meta d" />
    <keyboard-shortcut first-keystroke="meta back_space" />
  </action>
  <action id="Find">
    <keyboard-shortcut first-keystroke="meta f" />
  </action>
  <action id="FindNext">
    <keyboard-shortcut first-keystroke="meta k" />
    <keyboard-shortcut first-keystroke="meta h" />
  </action>
  <action id="FindPrevious">
    <keyboard-shortcut first-keystroke="shift meta k" />
    <keyboard-shortcut first-keystroke="shift meta h" />
  </action>
</keymap>